City,Country,Venue,Opening act(s),Attendance (tickets sold / available),Revenue,Tour,lat,lng,country_mapped
Evansville,United States,Roberts Municipal Stadium,"Gloriana
Kellie Pickler","7,463 / 7,463","$360,617",Fearless_Tour,37.97,-87.57,United States of America
Jonesboro,United States,Convocation Center,"Gloriana
Kellie Pickler","7,822 / 7,822","$340,328",Fearless_Tour,35.84,-90.7,United States of America
St. Louis,United States,Scottrade Center,"Gloriana
Kellie Pickler","13,764 / 13,764","$650,420",Fearless_Tour,38.63,-90.2,United States of America
Alexandria,United States,Bishop Ireton High School,"Gloriana
Kellie Pickler",,,Fearless_Tour,38.8,-77.05,United States of America
North Charleston,United States,North Charleston Coliseum,"Gloriana
Kellie Pickler","8,751 / 8,751","$398,154",Fearless_Tour,32.85,-79.97,United States of America
Jacksonville,United States,Jacksonville Veterans Memorial Arena,"Gloriana
Kellie Pickler","11,072 / 11,072","$507,012",Fearless_Tour,30.33,-81.66,United States of America
Biloxi,United States,Mississippi Coast Coliseum,"Gloriana
Kellie Pickler","9,436 / 9,436","$437,313",Fearless_Tour,30.4,-88.88,United States of America
London,England,Shepherd's Bush Empire,,"6,789 / 6,789","$401,328",Fearless_Tour,51.51,-0.13,United Kingdom
London,England,Shepherd's Bush Empire,,"6,789 / 6,789","$401,328",Fearless_Tour,51.51,-0.13,United Kingdom
Spokane,United States,Spokane Arena,"Gloriana
Kellie Pickler","10,798 / 10,798","$482,146",Fearless_Tour,47.66,-117.43,United States of America
Seattle,United States,KeyArena,"Gloriana
Kellie Pickler","12,061 / 12,061","$528,637",Fearless_Tour,47.61,-122.33,United States of America
Portland,United States,Rose Garden Arena,"Gloriana
Kellie Pickler","13,226 / 13,226","$613,284",Fearless_Tour,45.52,-122.68,United States of America
Nampa,United States,Ford Arena,"Gloriana
Kellie Pickler","8,970 / 8,970","$413,622",Fearless_Tour,43.57,-116.56,United States of America
Glendale,United States,Jobing.com Arena,"Gloriana
Kellie Pickler","13,052 / 13,052","$647,923",Fearless_Tour,33.53,-112.19,United States of America
Los Angeles,United States,Staples Center,"Gloriana
Kellie Pickler","13,648 / 13,648","$720,940",Fearless_Tour,34.05,-118.24,United States of America
Paradise,United States,Mandalay Bay Events Center,"Gloriana
Kellie Pickler","8,311 / 8,311","$551,051",Fearless_Tour,36.09,-115.18,United States of America
San Diego,United States,Valley View Casino Center,"Gloriana
Kellie Pickler","10,174 / 10,174","$502,689",Fearless_Tour,32.72,-117.16,United States of America
Salt Lake City,United States,EnergySolutions Arena,"Gloriana
Kellie Pickler","13,042 / 13,042","$555,207",Fearless_Tour,40.76,-111.89,United States of America
New Brockton,United States,BamaJam Farms,,,,Fearless_Tour,31.37,-85.92,United States of America
Columbia,United States,Merriweather Post Pavilion,"Gloriana
Kellie Pickler","17,619 / 17,619","$608,438",Fearless_Tour,34.0,-81.03,United States of America
Greensboro,United States,Greensboro Coliseum,"Gloriana
Kellie Pickler","14,641 / 14,641","$690,959",Fearless_Tour,36.07,-79.79,United States of America
Oshkosh,United States,Ford Festival Park,,,,Fearless_Tour,44.02,-88.54,United States of America
Cadott,United States,Amphitheatre Concert Grounds,,,,Fearless_Tour,44.95,-91.0,United States of America
Calgary,Canada,Pengrowth Saddledome,"Gloriana
Kellie Pickler",,,Fearless_Tour,51.05,-114.07,Canada
Edmonton,Canada,Commonwealth Stadium,,"33,910 / 44,500","$2,540,906",Fearless_Tour,53.55,-113.47,Canada
Craven,Canada,Big Valley Park,,,,Fearless_Tour,50.89,-105.85,Canada
Winnipeg,Canada,MTS Centre,"Gloriana
Kellie Pickler","11,369 / 11,369","$512,487",Fearless_Tour,49.9,-97.14,Canada
Twin Lakes,United States,Country Thunder Festival,,,,Fearless_Tour,42.5,-88.24,United States of America
Columbus,United States,Value City Arena,"Gloriana
Kellie Pickler",,,Fearless_Tour,39.96,-82.99,United States of America
Charleston,United States,Charleston Civic Center,"Gloriana
Kellie Pickler",,,Fearless_Tour,32.78,-79.93,United States of America
Cheyenne,United States,Cheyenne Frontier Days Arena,Kellie Pickler,,,Fearless_Tour,41.14,-104.82,United States of America
Rapid City,United States,Barnett Arena,"Gloriana
Kellie Pickler",,,Fearless_Tour,44.08,-103.23,United States of America
Minot,United States,North Dakota State Fair Grandstand,,,,Fearless_Tour,48.23,-101.3,United States of America
Philadelphia,United States,Wachovia Spectrum,"Gloriana
Kellie Pickler",,,Fearless_Tour,39.95,-75.17,United States of America
Detroit Lakes,United States,Soo Pass Ranch,,,,Fearless_Tour,46.82,-95.84,United States of America
Omaha,United States,Qwest Center Omaha,"Gloriana
Kellie Pickler",,,Fearless_Tour,41.26,-95.94,United States of America
Chelmsford,England,Hylands Park,,,,Fearless_Tour,51.74,0.48,United Kingdom
Weston-under-Lizard,England,Weston Park,,,,Fearless_Tour,52.69,-2.31,United Kingdom
New York City,United States,Madison Square Garden,"Gloriana
Kellie Pickler","13,597 / 13,597","$976,062",Fearless_Tour,40.71,-74.01,United States of America
Montville,United States,Mohegan Sun Arena,"Gloriana
Kellie Pickler","7,507 / 7,507","$296,306",Fearless_Tour,41.47,-72.15,United States of America
University Park,United States,Bryce Jordan Center,"Gloriana
Kellie Pickler",,,Fearless_Tour,32.85,-96.78,United States of America
Louisville,United States,Freedom Hall,"Gloriana
Kellie Pickler",,,Fearless_Tour,38.25,-85.76,United States of America
Duluth,United States,Arena at Gwinnett Center,"Gloriana
Kellie Pickler",,,Fearless_Tour,46.79,-92.1,United States of America
Greenville,United States,Bi-Lo Center,"Gloriana
Kellie Pickler",,,Fearless_Tour,34.85,-82.4,United States of America
Charlotte,United States,Time Warner Cable Arena,"Gloriana
Kellie Pickler",,,Fearless_Tour,35.23,-80.84,United States of America
Lafayette,United States,Cajundome,"Gloriana
Kellie Pickler",,,Fearless_Tour,30.22,-92.02,United States of America
Bossier City,United States,CenturyTel Center,"Gloriana
Kellie Pickler",,,Fearless_Tour,32.52,-93.73,United States of America
Birmingham,United States,BJCC Arena,"Gloriana
Kellie Pickler",,,Fearless_Tour,33.52,-86.8,United States of America
Nashville,United States,Bridgestone Arena,"Gloriana
Kellie Pickler","14,269 / 14,269","$642,387",Fearless_Tour,36.17,-86.78,United States of America
Dallas,United States,American Airlines Center,"Gloriana
Kellie Pickler","13,794 / 13,794","$628,062",Fearless_Tour,32.78,-96.8,United States of America
North Little Rock,United States,Verizon Arena,"Gloriana
Kellie Pickler","13,978 / 13,978","$654,089",Fearless_Tour,34.77,-92.27,United States of America
Tulsa,United States,BOK Center,"Gloriana
Kellie Pickler",,,Fearless_Tour,36.15,-95.99,United States of America
Pittsburgh,United States,Mellon Arena,"Gloriana
Kellie Pickler",,,Fearless_Tour,40.44,-79.99,United States of America
Grand Rapids,United States,Van Andel Arena,"Gloriana
Kellie Pickler",,,Fearless_Tour,42.96,-85.67,United States of America
Cleveland,United States,Quicken Loans Arena,"Gloriana
Kellie Pickler","15,524 / 15,524","$743,492",Fearless_Tour,41.5,-81.69,United States of America
Indianapolis,United States,Conseco Fieldhouse,"Gloriana
Kellie Pickler","13,373 / 13,373","$634,876",Fearless_Tour,39.77,-86.16,United States of America
Rosemont,United States,Allstate Arena,"Gloriana
Kellie Pickler","26,265 / 26,265","$1,150,896",Fearless_Tour,41.99,-87.86,United States of America
Rosemont,United States,Allstate Arena,"Gloriana
Kellie Pickler","26,265 / 26,265","$1,150,896",Fearless_Tour,41.99,-87.86,United States of America
Minneapolis,United States,Target Center,"Gloriana
Kellie Pickler","13,563 / 13,563","$623,975",Fearless_Tour,44.98,-93.27,United States of America
London,England,Wembley Arena,Justin Bieber,,,Fearless_Tour,51.51,-0.13,United Kingdom
Manchester,England,Manchester Evening News Arena,Justin Bieber,,,Fearless_Tour,53.48,-2.24,United Kingdom
Brisbane,Australia,Brisbane Entertainment Centre,Gloriana,"11,334 / 11,334","$956,505",Fearless_Tour,-27.47,153.03,Australia
Sydney,Australia,Acer Arena,Gloriana,"27,030 / 27,030","$2,030,640",Fearless_Tour,-33.87,151.21,Australia
Sydney,Australia,Acer Arena,Gloriana,"27,030 / 27,030","$2,030,640",Fearless_Tour,-33.87,151.21,Australia
Newcastle,Australia,Newcastle Entertainment Centre,Gloriana,"7,180 / 7,180","$555,396",Fearless_Tour,-32.93,151.78,Australia
Melbourne,Australia,Rod Laver Arena,Gloriana,"23,493 / 23,493","$1,627,510",Fearless_Tour,-37.81,144.96,Australia
Melbourne,Australia,Rod Laver Arena,Gloriana,"23,493 / 23,493","$1,627,510",Fearless_Tour,-37.81,144.96,Australia
Adelaide,Australia,Adelaide Entertainment Centre,Gloriana,"9,066 / 9,066","$585,352",Fearless_Tour,-34.93,138.6,Australia
Tokyo,Japan,Zepp Tokyo,,,,Fearless_Tour,35.69,139.69,Japan
Tampa,United States,St. Pete Times Forum,"Gloriana
Kellie Pickler","13,861 / 13,861","$793,049",Fearless_Tour,27.95,-82.46,United States of America
Orlando,United States,Amway Arena,"Gloriana
Kellie Pickler","11,101 / 11,101","$598,581",Fearless_Tour,28.54,-81.38,United States of America
Sunrise,United States,BankAtlantic Center,"Gloriana
Kellie Pickler","13,453 / 13,453","$777,442",Fearless_Tour,26.17,-80.25,United States of America
Austin,United States,Frank Erwin Center,"Gloriana
Kellie Pickler","11,928 / 11,928","$642,705",Fearless_Tour,30.27,-97.74,United States of America
Dallas,United States,American Airlines Center,"Gloriana
Kellie Pickler","14,022 / 14,022","$742,954",Fearless_Tour,32.78,-96.8,United States of America
Corpus Christi,United States,American Bank Center Arena,"Gloriana
Kellie Pickler","8,423 / 8,423","$501,169",Fearless_Tour,27.8,-97.4,United States of America
Philadelphia,United States,Wells Fargo Center,"Gloriana
Kellie Pickler","30,360 / 30,360","$2,002,321",Fearless_Tour,39.95,-75.17,United States of America
Philadelphia,United States,Wells Fargo Center,"Gloriana
Kellie Pickler","30,360 / 30,360","$2,002,321",Fearless_Tour,39.95,-75.17,United States of America
Charlottesville,United States,John Paul Jones Arena,"Gloriana
Kellie Pickler","11,858 / 11,858","$664,305",Fearless_Tour,38.03,-78.48,United States of America
Auburn Hills,United States,The Palace of Auburn Hills,"Gloriana
Kellie Pickler","29,125 / 29,125","$1,711,591",Fearless_Tour,42.69,-83.23,United States of America
Auburn Hills,United States,The Palace of Auburn Hills,"Gloriana
Kellie Pickler","29,125 / 29,125","$1,711,591",Fearless_Tour,42.69,-83.23,United States of America
Cincinnati,United States,U.S. Bank Arena,"Gloriana
Kellie Pickler","11,208 / 11,208","$645,592",Fearless_Tour,39.1,-84.51,United States of America
Oklahoma City,United States,Ford Center,"Gloriana
Kellie Pickler","11,795 / 11,795","$675,184",Fearless_Tour,35.47,-97.52,United States of America
Wichita,United States,Intrust Bank Arena,"Gloriana
Kellie Pickler","11,208 / 11,208","$610,801",Fearless_Tour,37.69,-97.34,United States of America
Kansas City,United States,Sprint Center,"Gloriana
Kellie Pickler","13,781 / 13,781","$761,110",Fearless_Tour,39.1,-94.58,United States of America
Denver,United States,Pepsi Center,"Gloriana
Kellie Pickler","25,991 / 25,991","$1,497,135",Fearless_Tour,39.74,-104.98,United States of America
Denver,United States,Pepsi Center,"Gloriana
Kellie Pickler","25,991 / 25,991","$1,497,135",Fearless_Tour,39.74,-104.98,United States of America
Fresno,United States,Save Mart Center,"Gloriana
Kellie Pickler","11,706 / 11,706","$649,488",Fearless_Tour,36.74,-119.77,United States of America
San Jose,United States,HP Pavilion,"Gloriana
Kellie Pickler","12,744 / 12,744","$716,726",Fearless_Tour,37.34,-121.89,United States of America
Los Angeles,United States,Staples Center,"Gloriana
Kellie Pickler","27,518 / 27,518","$1,736,197",Fearless_Tour,34.05,-118.24,United States of America
Los Angeles,United States,Staples Center,"Gloriana
Kellie Pickler","27,518 / 27,518","$1,736,197",Fearless_Tour,34.05,-118.24,United States of America
Lexington,United States,Rupp Arena,"Gloriana
Kellie Pickler","17,966 / 17,966","$1,024,223",Fearless_Tour,38.04,-84.5,United States of America
Columbia,United States,Colonial Life Arena,"Gloriana
Kellie Pickler","13,429 / 13,429","$755,475",Fearless_Tour,34.0,-81.03,United States of America
Raleigh,United States,RBC Center,"Gloriana
Kellie Pickler","13,895 / 13,895","$752,303",Fearless_Tour,35.78,-78.64,United States of America
Des Moines,United States,Wells Fargo Arena,"Gloriana
Kellie Pickler","13,264 / 13,264","$738,280",Fearless_Tour,41.59,-93.62,United States of America
Saint Paul,United States,Xcel Energy Center,"Gloriana
Kellie Pickler","14,914 / 14,914","$846,111",Fearless_Tour,44.95,-93.09,United States of America
Moline,United States,iWireless Center,"Gloriana
Kellie Pickler","10,641 / 10,641","$610,668",Fearless_Tour,41.51,-90.52,United States of America
Newark,United States,Prudential Center,"Gloriana
Kellie Pickler","26,065 / 26,065","$1,742,669",Fearless_Tour,40.74,-74.17,United States of America
Newark,United States,Prudential Center,"Gloriana
Kellie Pickler","26,065 / 26,065","$1,742,669",Fearless_Tour,40.74,-74.17,United States of America
Uniondale,United States,Nassau Veterans Memorial Coliseum,"Gloriana
Kellie Pickler","25,831 / 25,831","$1,713,529",Fearless_Tour,40.72,-73.59,United States of America
Uniondale,United States,Nassau Veterans Memorial Coliseum,"Gloriana
Kellie Pickler","25,831 / 25,831","$1,713,529",Fearless_Tour,40.72,-73.59,United States of America
Ottawa,Canada,Scotiabank Place,"Gloriana
Kellie Pickler","13,376 / 13,376","$873,206",Fearless_Tour,45.42,-75.7,Canada
Toronto,Canada,Air Canada Centre,"Gloriana
Kellie Pickler","30,458 / 30,458","$2,497,690",Fearless_Tour,43.65,-79.38,Canada
Toronto,Canada,Air Canada Centre,"Gloriana
Kellie Pickler","30,458 / 30,458","$2,497,690",Fearless_Tour,43.65,-79.38,Canada
Houston,United States,Toyota Center,"Gloriana
Kellie Pickler","23,493 / 23,493","$1,290,926",Fearless_Tour,29.76,-95.37,United States of America
Houston,United States,Toyota Center,"Gloriana
Kellie Pickler","23,493 / 23,493","$1,290,926",Fearless_Tour,29.76,-95.37,United States of America
Baton Rouge,United States,Tiger Stadium,,,,Fearless_Tour,30.45,-91.15,United States of America
Washington,United States,Verizon Center,"Gloriana
Kellie Pickler","27,290 / 27,290","$1,824,743",Fearless_Tour,38.91,-77.04,United States of America
Washington,United States,Verizon Center,"Gloriana
Kellie Pickler","27,290 / 27,290","$1,824,743",Fearless_Tour,38.91,-77.04,United States of America
Foxborough,United States,Gillette Stadium,"Gloriana
Justin Bieber
Kellie Pickler","56,868 / 56,868","$3,726,157",Fearless_Tour,42.09,-71.26,United States of America
Nassau,The Bahamas,Imperial Ballroom,"Gloriana
Kellie Pickler",,,Fearless_Tour,25.05,-77.34,Bahamas
Cavendish,Canada,Cavendish Beach Festival Grounds,,"35,000 / 35,000",,Fearless_Tour,46.53,-63.29,Canada
Singapore,Singapore,Singapore Indoor Stadium,Sezairi Sezali,"8,964 / 8,964","$916,850",Speak_Now_World_Tour,1.35,103.82,Singapore
Seoul,South Korea,Olympic Gymnastics Arena,,"4,725 / 4,725","$385,374",Speak_Now_World_Tour,37.57,126.98,South Korea
Osaka,Japan,Osaka-Jo Hall,,"6,953 / 6,953","$758,113",Speak_Now_World_Tour,34.69,135.5,Japan
Tokyo,Japan,Nippon Budokan,,"15,955 / 15,955","$1,738,227",Speak_Now_World_Tour,35.69,139.69,Japan
Tokyo,Japan,Nippon Budokan,,"15,955 / 15,955","$1,738,227",Speak_Now_World_Tour,35.69,139.69,Japan
Quezon City,Philippines,Smart Araneta Coliseum,Sam Concepcion,"12,667 / 12,667","$859,037",Speak_Now_World_Tour,14.68,121.04,Philippines
Hong Kong,Hong Kong,AsiaWorldArena,Saito Johnny,"12,573 / 12,573","$1,030,633",Speak_Now_World_Tour,22.32,114.17,Hong Kong
Brussels,Belgium,Forest National,Tom Dice,"4,622 / 4,622","$219,212",Speak_Now_World_Tour,50.85,4.35,Belgium
Rotterdam,Netherlands,Sportpaleis van Ahoy,Tom Dice,"4,799 / 4,799","$248,314",Speak_Now_World_Tour,51.92,4.48,Netherlands
Oslo,Norway,Oslo Spektrum,,"8,650 / 8,650","$815,246",Speak_Now_World_Tour,59.91,10.75,Norway
Oberhausen,Germany,König Pilsener Arena,Martin & James,"6,082 / 6,082","$370,028",Speak_Now_World_Tour,51.47,6.86,Germany
Milan,Italy,Mediolanum Forum,Emma Marrone,"3,421 / 5,585","$153,303",Speak_Now_World_Tour,45.46,9.19,Italy
Paris,France,Zénith de Paris,,"3,598 / 8,500","$201,781",Speak_Now_World_Tour,48.85,2.35,France
Madrid,Spain,Palacio de los Deportes,The Bright,"3,962 / 3,962","$251,864",Speak_Now_World_Tour,40.42,-3.7,Spain
Birmingham,England,LG Arena,Martin & James,"9,339 / 9,339","$508,854",Speak_Now_World_Tour,33.52,-86.8,United Kingdom
Belfast,Northern Ireland,Odyssey Arena,Ryan Sheridan,"8,058 / 8,058","$379,001",Speak_Now_World_Tour,54.6,-5.93,United Kingdom
Dublin,Ireland,The O2,Ryan Sheridan,"8,681 / 8,681","$419,806",Speak_Now_World_Tour,53.33,-6.25,Ireland
Manchester,England,Manchester Evening News Arena,Martin & James,"10,488 / 11,622","$580,558",Speak_Now_World_Tour,53.48,-2.24,United Kingdom
London,England,The O2 Arena,Martin & James,"15,265 / 15,681","$891,152",Speak_Now_World_Tour,51.51,-0.13,United Kingdom
Omaha,United States,Qwest Center Omaha,Needtobreathe,"26,992 / 26,992","$1,717,104",Speak_Now_World_Tour,41.26,-95.94,United States of America
Omaha,United States,Qwest Center Omaha,Needtobreathe,"26,992 / 26,992","$1,717,104",Speak_Now_World_Tour,41.26,-95.94,United States of America
Des Moines,United States,Wells Fargo Arena,Needtobreathe,"13,149 / 13,149","$862,771",Speak_Now_World_Tour,41.59,-93.62,United States of America
Sunrise,United States,BankAtlantic Center,Needtobreathe,"24,077 / 24,077","$1,582,951",Speak_Now_World_Tour,26.17,-80.25,United States of America
Sunrise,United States,BankAtlantic Center,Needtobreathe,"24,077 / 24,077","$1,582,951",Speak_Now_World_Tour,26.17,-80.25,United States of America
Orlando,United States,Amway Center,Needtobreathe,"12,262 / 12,262","$791,980",Speak_Now_World_Tour,28.54,-81.38,United States of America
Columbus,United States,Nationwide Arena,Needtobreathe,"14,817 / 14,817","$955,259",Speak_Now_World_Tour,39.96,-82.99,United States of America
Milwaukee,United States,Bradley Center,Needtobreathe,"13,748 / 13,748","$897,042",Speak_Now_World_Tour,43.04,-87.91,United States of America
Detroit,United States,Ford Field,Needtobreathe,"47,992 / 47,992","$3,453,549",Speak_Now_World_Tour,42.33,-83.05,United States of America
Saint Paul,United States,Xcel Energy Center,Needtobreathe,"28,977 / 28,977","$1,913,737",Speak_Now_World_Tour,44.95,-93.09,United States of America
Saint Paul,United States,Xcel Energy Center,Needtobreathe,"28,977 / 28,977","$1,913,737",Speak_Now_World_Tour,44.95,-93.09,United States of America
Pittsburgh,United States,Heinz Field,Needtobreathe,"52,009 / 52,009","$4,009,118",Speak_Now_World_Tour,40.44,-79.99,United States of America
Buffalo,United States,First Niagara Center,Needtobreathe,"14,487 / 14,487","$966,749",Speak_Now_World_Tour,42.89,-78.88,United States of America
Hartford,United States,XL Center,Needtobreathe,"12,436 / 12,436","$810,165",Speak_Now_World_Tour,41.76,-72.68,United States of America
Foxborough,United States,Gillette Stadium,Needtobreathe,"110,800 / 110,800","$8,026,350",Speak_Now_World_Tour,42.09,-71.26,United States of America
Foxborough,United States,Gillette Stadium,Needtobreathe,"110,800 / 110,800","$8,026,350",Speak_Now_World_Tour,42.09,-71.26,United States of America
Greensboro,United States,Greensboro Coliseum,Needtobreathe,"14,789 / 14,789","$990,701",Speak_Now_World_Tour,36.07,-79.79,United States of America
Knoxville,United States,ThompsonBoling Arena,Needtobreathe,"13,754 / 13,754","$903,875",Speak_Now_World_Tour,35.96,-83.92,United States of America
Montreal,Canada,Bell Centre,Needtobreathe,"13,439 / 13,439","$1,254,230",Speak_Now_World_Tour,45.5,-73.57,Canada
Toronto,Canada,Air Canada Centre,Needtobreathe,"30,144 / 30,144","$3,036,000",Speak_Now_World_Tour,43.65,-79.38,Canada
Toronto,Canada,Air Canada Centre,Needtobreathe,"30,144 / 30,144","$3,036,000",Speak_Now_World_Tour,43.65,-79.38,Canada
Newark,United States,Prudential Center,Needtobreathe,"51,487 / 51,487","$3,875,463",Speak_Now_World_Tour,40.74,-74.17,United States of America
Newark,United States,Prudential Center,Needtobreathe,"51,487 / 51,487","$3,875,463",Speak_Now_World_Tour,40.74,-74.17,United States of America
Newark,United States,Prudential Center,Needtobreathe,"51,487 / 51,487","$3,875,463",Speak_Now_World_Tour,40.74,-74.17,United States of America
Newark,United States,Prudential Center,Needtobreathe,"51,487 / 51,487","$3,875,463",Speak_Now_World_Tour,40.74,-74.17,United States of America
Grand Rapids,United States,Van Andel Arena,Needtobreathe,"11,012 / 11,012","$724,854",Speak_Now_World_Tour,42.96,-85.67,United States of America
Indianapolis,United States,Conseco Fieldhouse,Needtobreathe,"13,329 / 13,329","$877,175",Speak_Now_World_Tour,39.77,-86.16,United States of America
Cleveland,United States,Quicken Loans Arena,Needtobreathe,"14,873 / 14,873","$976,954",Speak_Now_World_Tour,41.5,-81.69,United States of America
Washington,United States,Verizon Center,Needtobreathe,"29,303 / 29,303","$2,068,789",Speak_Now_World_Tour,38.91,-77.04,United States of America
Washington,United States,Verizon Center,Needtobreathe,"29,303 / 29,303","$2,068,789",Speak_Now_World_Tour,38.91,-77.04,United States of America
Philadelphia,United States,Lincoln Financial Field,Needtobreathe,"51,395 / 51,395","$4,268,678",Speak_Now_World_Tour,39.95,-75.17,United States of America
Rosemont,United States,Allstate Arena,Needtobreathe,"26,112 / 26,112","$1,909,603",Speak_Now_World_Tour,41.99,-87.86,United States of America
Rosemont,United States,Allstate Arena,Needtobreathe,"26,112 / 26,112","$1,909,603",Speak_Now_World_Tour,41.99,-87.86,United States of America
St. Louis,United States,Scottrade Center,Needtobreathe,"27,965 / 27,965","$1,850,159",Speak_Now_World_Tour,38.63,-90.2,United States of America
St. Louis,United States,Scottrade Center,Needtobreathe,"27,965 / 27,965","$1,850,159",Speak_Now_World_Tour,38.63,-90.2,United States of America
Edmonton,Canada,Rexall Place,Needtobreathe,"25,336 / 25,336","$2,136,270",Speak_Now_World_Tour,53.55,-113.47,Canada
Edmonton,Canada,Rexall Place,Needtobreathe,"25,336 / 25,336","$2,136,270",Speak_Now_World_Tour,53.55,-113.47,Canada
Los Angeles,United States,Staples Center,Needtobreathe,"54,900 / 54,900","$3,927,154",Speak_Now_World_Tour,34.05,-118.24,United States of America
Los Angeles,United States,Staples Center,Needtobreathe,"54,900 / 54,900","$3,927,154",Speak_Now_World_Tour,34.05,-118.24,United States of America
Los Angeles,United States,Staples Center,Needtobreathe,"54,900 / 54,900","$3,927,154",Speak_Now_World_Tour,34.05,-118.24,United States of America
Los Angeles,United States,Staples Center,Needtobreathe,"54,900 / 54,900","$3,927,154",Speak_Now_World_Tour,34.05,-118.24,United States of America
San Jose,United States,HP Pavilion,Needtobreathe,"24,827 / 24,827","$1,825,448",Speak_Now_World_Tour,37.34,-121.89,United States of America
San Jose,United States,HP Pavilion,Needtobreathe,"24,827 / 24,827","$1,825,448",Speak_Now_World_Tour,37.34,-121.89,United States of America
Sacramento,United States,Power Balance Pavilion,Needtobreathe,"12,432 / 12,432","$934,326",Speak_Now_World_Tour,38.58,-121.49,United States of America
Portland,United States,Rose Garden Arena,Needtobreathe,"13,610 / 13,610","$903,445",Speak_Now_World_Tour,45.52,-122.68,United States of America
Tacoma,United States,Tacoma Dome,Needtobreathe,"19,904 / 19,904","$1,289,430",Speak_Now_World_Tour,47.25,-122.44,United States of America
Vancouver,Canada,Rogers Arena,Needtobreathe,"26,030 / 26,030","$2,190,680",Speak_Now_World_Tour,49.28,-123.12,Canada
Vancouver,Canada,Rogers Arena,Needtobreathe,"26,030 / 26,030","$2,190,680",Speak_Now_World_Tour,49.28,-123.12,Canada
Nashville,United States,Bridgestone Arena,Needtobreathe,"28,178 / 28,178","$1,841,134",Speak_Now_World_Tour,36.17,-86.78,United States of America
Nashville,United States,Bridgestone Arena,Needtobreathe,"28,178 / 28,178","$1,841,134",Speak_Now_World_Tour,36.17,-86.78,United States of America
Bossier City,United States,CenturyLink Center,Needtobreathe,"11,510 / 11,510","$728,546",Speak_Now_World_Tour,32.52,-93.73,United States of America
Tulsa,United States,BOK Center,Needtobreathe,"12,546 / 12,546","$907,573",Speak_Now_World_Tour,36.15,-95.99,United States of America
Kansas City,United States,Arrowhead Stadium,Needtobreathe,"48,562 / 48,562","$3,148,046",Speak_Now_World_Tour,39.1,-94.58,United States of America
Denver,United States,Pepsi Center,Needtobreathe,"12,908 / 12,908","$834,916",Speak_Now_World_Tour,39.74,-104.98,United States of America
Salt Lake City,United States,EnergySolutions Arena,Needtobreathe,"13,720 / 13,720","$896,946",Speak_Now_World_Tour,40.76,-111.89,United States of America
Atlanta,United States,Philips Arena,Needtobreathe,"26,244 / 26,244","$1,726,661",Speak_Now_World_Tour,33.75,-84.39,United States of America
Atlanta,United States,Philips Arena,Needtobreathe,"26,244 / 26,244","$1,726,661",Speak_Now_World_Tour,33.75,-84.39,United States of America
North Little Rock,United States,Verizon Arena,Needtobreathe,"13,566 / 13,566","$856,123",Speak_Now_World_Tour,34.77,-92.27,United States of America
New Orleans,United States,New Orleans Arena,Needtobreathe,"12,943 / 12,943","$830,289",Speak_Now_World_Tour,29.95,-90.07,United States of America
Arlington,United States,Cowboys Stadium,Needtobreathe,"55,451 / 55,451","$4,337,062",Speak_Now_World_Tour,32.74,-97.11,United States of America
Louisville,United States,KFC Yum! Center,Needtobreathe,"14,848 / 14,848","$1,003,828",Speak_Now_World_Tour,38.25,-85.76,United States of America
Lubbock,United States,United Spirit Arena,Needtobreathe,"10,419 / 10,419","$710,426",Speak_Now_World_Tour,33.58,-101.86,United States of America
Oklahoma City,United States,Chesapeake Energy Arena,Needtobreathe,"11,592 / 11,592","$758,364",Speak_Now_World_Tour,35.47,-97.52,United States of America
San Diego,United States,Valley View Casino Center,Needtobreathe,"10,834 / 10,834","$792,634",Speak_Now_World_Tour,32.72,-117.16,United States of America
Glendale,United States,Jobing.com Arena,Needtobreathe,"27,029 / 27,029","$1,826,025",Speak_Now_World_Tour,33.53,-112.19,United States of America
Glendale,United States,Jobing.com Arena,Needtobreathe,"27,029 / 27,029","$1,826,025",Speak_Now_World_Tour,33.53,-112.19,United States of America
San Antonio,United States,AT&T Center,Needtobreathe,"13,851 / 13,851","$901,535",Speak_Now_World_Tour,29.42,-98.49,United States of America
Austin,United States,Frank Erwin Center,Needtobreathe,"11,999 / 11,999","$752,078",Speak_Now_World_Tour,30.27,-97.74,United States of America
Lexington,United States,Rupp Arena,Needtobreathe,"16,237 / 16,237","$1,041,935",Speak_Now_World_Tour,38.04,-84.5,United States of America
Memphis,United States,FedExForum,Needtobreathe,"12,604 / 12,604","$820,036",Speak_Now_World_Tour,35.15,-90.05,United States of America
Houston,United States,Minute Maid Park,Needtobreathe,"42,095 / 42,095","$3,435,756",Speak_Now_World_Tour,29.76,-95.37,United States of America
Jacksonville,United States,Jacksonville Veterans Memorial Arena,Needtobreathe,"11,785 / 11,785","$749,099",Speak_Now_World_Tour,30.33,-81.66,United States of America
Tampa,United States,St. Pete Times Forum,Needtobreathe,"13,695 / 13,695","$914,300",Speak_Now_World_Tour,27.95,-82.46,United States of America
Miami,United States,American Airlines Arena,Needtobreathe,"12,153 / 12,153","$786,904",Speak_Now_World_Tour,25.77,-80.19,United States of America
Charlotte,United States,Time Warner Cable Arena,Needtobreathe,"14,272 / 14,272","$920,903",Speak_Now_World_Tour,35.23,-80.84,United States of America
Raleigh,United States,RBC Center,Needtobreathe,"13,567 / 13,567","$866,056",Speak_Now_World_Tour,35.78,-78.64,United States of America
Columbia,United States,Colonial Life Arena,Needtobreathe,"12,807 / 12,807","$828,231",Speak_Now_World_Tour,34.0,-81.03,United States of America
New York,United States,Madison Square Garden,Needtobreathe,"26,652 / 26,652","$1,988,411",Speak_Now_World_Tour,40.71,-74.01,United States of America
New York,United States,Madison Square Garden,Needtobreathe,"26,652 / 26,652","$1,988,411",Speak_Now_World_Tour,40.71,-74.01,United States of America
Perth,Australia,Burswood Dome,Hot Chelle Rae,"15,142 / 15,142","$1,878,530",Speak_Now_World_Tour,-31.95,115.86,Australia
Adelaide,Australia,Adelaide Entertainment Centre,Hot Chelle Rae,"8,589 / 8,589","$1,075,370",Speak_Now_World_Tour,-34.93,138.6,Australia
Brisbane,Australia,Brisbane Entertainment Centre,Hot Chelle Rae,"19,870 / 19,870","$2,416,030",Speak_Now_World_Tour,-27.47,153.03,Australia
Brisbane,Australia,Brisbane Entertainment Centre,Hot Chelle Rae,"19,870 / 19,870","$2,416,030",Speak_Now_World_Tour,-27.47,153.03,Australia
Sydney,Australia,Allphones Arena,Hot Chelle Rae,"27,900 / 27,900","$3,420,360",Speak_Now_World_Tour,-33.87,151.21,Australia
Sydney,Australia,Allphones Arena,Hot Chelle Rae,"27,900 / 27,900","$3,420,360",Speak_Now_World_Tour,-33.87,151.21,Australia
Melbourne,Australia,Rod Laver Arena,Hot Chelle Rae,"33,793 / 33,793","$4,151,650",Speak_Now_World_Tour,-37.81,144.96,Australia
Melbourne,Australia,Rod Laver Arena,Hot Chelle Rae,"33,793 / 33,793","$4,151,650",Speak_Now_World_Tour,-37.81,144.96,Australia
Melbourne,Australia,Rod Laver Arena,Hot Chelle Rae,"33,793 / 33,793","$4,151,650",Speak_Now_World_Tour,-37.81,144.96,Australia
Auckland,New Zealand,Vector Arena,Hot Chelle Rae,"32,585 / 32,585","$2,888,560",Speak_Now_World_Tour,-36.86,174.77,New Zealand
Auckland,New Zealand,Vector Arena,Hot Chelle Rae,"32,585 / 32,585","$2,888,560",Speak_Now_World_Tour,-36.86,174.77,New Zealand
Auckland,New Zealand,Vector Arena,Hot Chelle Rae,"32,585 / 32,585","$2,888,560",Speak_Now_World_Tour,-36.86,174.77,New Zealand
Omaha,United States,CenturyLink Center Omaha,"Ed Sheeran
Brett Eldredge","27,877 / 27,877","$2,243,164",The_Red_Tour,41.26,-95.94,United States of America
Omaha,United States,CenturyLink Center Omaha,"Ed Sheeran
Brett Eldredge","27,877 / 27,877","$2,243,164",The_Red_Tour,41.26,-95.94,United States of America
St. Louis,United States,Scottrade Center,"Ed Sheeran
Brett Eldredge","28,582 / 28,582","$2,346,203",The_Red_Tour,38.63,-90.2,United States of America
St. Louis,United States,Scottrade Center,"Ed Sheeran
Brett Eldredge","28,582 / 28,582","$2,346,203",The_Red_Tour,38.63,-90.2,United States of America
Charlotte,United States,Time Warner Cable Arena,"Ed Sheeran
Brett Eldredge","14,686 / 14,686","$1,162,733",The_Red_Tour,35.23,-80.84,United States of America
Columbia,United States,Colonial Life Arena,"Ed Sheeran
Brett Eldredge","12,490 / 12,490","$996,114",The_Red_Tour,34.0,-81.03,United States of America
Newark,United States,Prudential Center,"Ed Sheeran
Florida Georgia Line","38,065 / 38,065","$3,565,317",The_Red_Tour,40.74,-74.17,United States of America
Newark,United States,Prudential Center,"Ed Sheeran
Florida Georgia Line","38,065 / 38,065","$3,565,317",The_Red_Tour,40.74,-74.17,United States of America
Newark,United States,Prudential Center,"Ed Sheeran
Florida Georgia Line","38,065 / 38,065","$3,565,317",The_Red_Tour,40.74,-74.17,United States of America
Miami,United States,American Airlines Arena,"Ed Sheeran
Brett Eldredge","12,808 / 12,808","$1,010,175",The_Red_Tour,25.77,-80.19,United States of America
Orlando,United States,Amway Center,"Ed Sheeran
Brett Eldredge","25,617 / 25,617","$2,054,128",The_Red_Tour,28.54,-81.38,United States of America
Orlando,United States,Amway Center,"Ed Sheeran
Brett Eldredge","25,617 / 25,617","$2,054,128",The_Red_Tour,28.54,-81.38,United States of America
Atlanta,United States,Philips Arena,"Ed Sheeran
Brett Eldredge","25,471 / 25,471","$2,048,023",The_Red_Tour,33.75,-84.39,United States of America
Atlanta,United States,Philips Arena,"Ed Sheeran
Brett Eldredge","25,471 / 25,471","$2,048,023",The_Red_Tour,33.75,-84.39,United States of America
Tampa,United States,Tampa Bay Times Forum,"Ed Sheeran
Brett Eldredge","14,080 / 14,080","$1,132,095",The_Red_Tour,27.95,-82.46,United States of America
Cleveland,United States,Quicken Loans Arena,"Ed Sheeran
Brett Eldredge","15,336 / 15,336","$1,247,605",The_Red_Tour,41.5,-81.69,United States of America
Indianapolis,United States,Bankers Life Fieldhouse,"Ed Sheeran
Brett Eldredge","13,573 / 13,573","$1,082,042",The_Red_Tour,39.77,-86.16,United States of America
Lexington,United States,Rupp Arena,"Ed Sheeran
Brett Eldredge","17,003 / 17,003","$1,342,699",The_Red_Tour,38.04,-84.5,United States of America
Detroit,United States,Ford Field,"Ed Sheeran
Austin Mahone
Brett Eldredge","48,265 / 48,265","$3,969,059",The_Red_Tour,42.33,-83.05,United States of America
Louisville,United States,KFC Yum! Center,"Ed Sheeran
Florida Georgia Line","15,135 / 15,135","$1,246,491",The_Red_Tour,38.25,-85.76,United States of America
Columbus,United States,Nationwide Arena,"Ed Sheeran
Florida Georgia Line","14,267 / 14,267","$1,155,170",The_Red_Tour,39.96,-82.99,United States of America
Washington,United States,Verizon Center,"Ed Sheeran
Brett Eldredge","27,619 / 27,619","$2,489,205",The_Red_Tour,38.91,-77.04,United States of America
Washington,United States,Verizon Center,"Ed Sheeran
Brett Eldredge","27,619 / 27,619","$2,489,205",The_Red_Tour,38.91,-77.04,United States of America
Houston,United States,Toyota Center,"Ed Sheeran
Brett Eldredge","12,467 / 12,467","$961,422",The_Red_Tour,29.76,-95.37,United States of America
Austin,United States,Frank Erwin Center,"Ed Sheeran
Florida Georgia Line","11,916 / 11,916","$935,631",The_Red_Tour,30.27,-97.74,United States of America
San Antonio,United States,AT&T Center,"Ed Sheeran
Florida Georgia Line","13,974 / 13,974","$1,105,253",The_Red_Tour,29.42,-98.49,United States of America
Arlington,United States,Cowboys Stadium,"Ed Sheeran
Austin Mahone
Florida Georgia Line","53,020 / 53,020","$4,589,266",The_Red_Tour,32.74,-97.11,United States of America
Glendale,United States,Jobing.com Arena,"Ed Sheeran
Joel Crouse","26,705 / 26,705","$2,239,370",The_Red_Tour,33.53,-112.19,United States of America
Glendale,United States,Jobing.com Arena,"Ed Sheeran
Joel Crouse","26,705 / 26,705","$2,239,370",The_Red_Tour,33.53,-112.19,United States of America
Salt Lake City,United States,EnergySolutions Arena,"Ed Sheeran
Joel Crouse","14,007 / 14,007","$1,139,360",The_Red_Tour,40.76,-111.89,United States of America
Denver,United States,Pepsi Center,"Ed Sheeran
Joel Crouse","13,489 / 13,489","$1,076,069",The_Red_Tour,39.74,-104.98,United States of America
Toronto,Canada,Rogers Centre,"Ed Sheeran
Austin Mahone
Joel Crouse","87,627 / 87,627","$7,863,310",The_Red_Tour,43.65,-79.38,Canada
Toronto,Canada,Rogers Centre,"Ed Sheeran
Austin Mahone
Joel Crouse","87,627 / 87,627","$7,863,310",The_Red_Tour,43.65,-79.38,Canada
Winnipeg,Canada,Investors Group Field,"Ed Sheeran
Austin Mahone
Joel Crouse","33,061 / 33,061","$3,175,430",The_Red_Tour,49.9,-97.14,Canada
Edmonton,Canada,Rexall Place,"Ed Sheeran
Joel Crouse","25,663 / 25,663","$2,379,870",The_Red_Tour,53.55,-113.47,Canada
Edmonton,Canada,Rexall Place,"Ed Sheeran
Joel Crouse","25,663 / 25,663","$2,379,870",The_Red_Tour,53.55,-113.47,Canada
Vancouver,Canada,BC Place Stadium,"Ed Sheeran
Austin Mahone
Joel Crouse","41,142 / 41,142","$3,974,410",The_Red_Tour,49.28,-123.12,Canada
Pittsburgh,United States,Heinz Field,"Ed Sheeran
Austin Mahone
Joel Crouse","56,047 / 56,047","$4,718,518",The_Red_Tour,40.44,-79.99,United States of America
East Rutherford,United States,MetLife Stadium,"Ed Sheeran
Austin Mahone
Joel Crouse","52,399 / 52,399","$4,670,011",The_Red_Tour,40.82,-74.07,United States of America
Philadelphia,United States,Lincoln Financial Field,"Ed Sheeran
Austin Mahone
Joel Crouse","101,277 / 101,277","$8,822,335",The_Red_Tour,39.95,-75.17,United States of America
Philadelphia,United States,Lincoln Financial Field,"Ed Sheeran
Austin Mahone
Joel Crouse","101,277 / 101,277","$8,822,335",The_Red_Tour,39.95,-75.17,United States of America
Foxborough,United States,Gillette Stadium,"Ed Sheeran
Austin Mahone
Joel Crouse","110,712 / 110,712","$9,464,063",The_Red_Tour,42.09,-71.26,United States of America
Foxborough,United States,Gillette Stadium,"Ed Sheeran
Austin Mahone
Joel Crouse","110,712 / 110,712","$9,464,063",The_Red_Tour,42.09,-71.26,United States of America
Des Moines,United States,Wells Fargo Arena,"Ed Sheeran
Florida Georgia Line","13,368 / 13,368","$1,075,576",The_Red_Tour,41.59,-93.62,United States of America
Kansas City,United States,Sprint Center,"Ed Sheeran
Florida Georgia Line","26,412 / 26,412","$2,093,172",The_Red_Tour,39.1,-94.58,United States of America
Kansas City,United States,Sprint Center,"Ed Sheeran
Florida Georgia Line","26,412 / 26,412","$2,093,172",The_Red_Tour,39.1,-94.58,United States of America
Wichita,United States,Intrust Bank Arena,"Ed Sheeran
Casey James","12,231 / 12,231","$983,882",The_Red_Tour,37.69,-97.34,United States of America
Tulsa,United States,BOK Center,"Ed Sheeran
Casey James","10,949 / 10,949","$868,955",The_Red_Tour,36.15,-95.99,United States of America
Chicago,United States,Soldier Field,"Ed Sheeran
Austin Mahone
Casey James","50,809 / 50,809","$4,149,148",The_Red_Tour,41.88,-87.63,United States of America
San Diego,United States,Valley View Casino Center,"Ed Sheeran
Casey James","10,872 / 10,872","$948,541",The_Red_Tour,32.72,-117.16,United States of America
Los Angeles,United States,Staples Center,"Ed Sheeran
Casey James","55,829 / 55,829","$4,734,463",The_Red_Tour,34.05,-118.24,United States of America
Los Angeles,United States,Staples Center,"Ed Sheeran
Casey James","55,829 / 55,829","$4,734,463",The_Red_Tour,34.05,-118.24,United States of America
Los Angeles,United States,Staples Center,"Ed Sheeran
Casey James","55,829 / 55,829","$4,734,463",The_Red_Tour,34.05,-118.24,United States of America
Los Angeles,United States,Staples Center,"Ed Sheeran
Casey James","55,829 / 55,829","$4,734,463",The_Red_Tour,34.05,-118.24,United States of America
Sacramento,United States,Sleep Train Arena,"Ed Sheeran
Casey James","12,795 / 12,795","$1,138,103",The_Red_Tour,38.58,-121.49,United States of America
Portland,United States,Moda Center,"Ed Sheeran
Casey James","13,952 / 13,952","$1,084,760",The_Red_Tour,45.52,-122.68,United States of America
Tacoma,United States,Tacoma Dome,"Ed Sheeran
Casey James","20,348 / 20,348","$1,584,049",The_Red_Tour,47.25,-122.44,United States of America
Fargo,United States,Fargodome,"Ed Sheeran
Casey James","21,073 / 21,073","$1,661,578",The_Red_Tour,46.88,-96.79,United States of America
Saint Paul,United States,Xcel Energy Center,"Ed Sheeran
Casey James","28,920 / 28,920","$2,320,937",The_Red_Tour,44.95,-93.09,United States of America
Saint Paul,United States,Xcel Energy Center,"Ed Sheeran
Casey James","28,920 / 28,920","$2,320,937",The_Red_Tour,44.95,-93.09,United States of America
Greensboro,United States,Greensboro Coliseum,"Ed Sheeran
Casey James","13,650 / 13,650","$1,109,253",The_Red_Tour,36.07,-79.79,United States of America
Raleigh,United States,PNC Arena,"Ed Sheeran
Casey James","13,941 / 13,941","$1,088,612",The_Red_Tour,35.78,-78.64,United States of America
Charlottesville,United States,John Paul Jones Arena,"Ed Sheeran
Casey James","12,689 / 12,689","$997,216",The_Red_Tour,38.03,-78.48,United States of America
Nashville,United States,Bridgestone Arena,"Ed Sheeran
Casey James","41,292 / 41,292","$3,336,545",The_Red_Tour,36.17,-86.78,United States of America
Nashville,United States,Bridgestone Arena,"Ed Sheeran
Casey James","41,292 / 41,292","$3,336,545",The_Red_Tour,36.17,-86.78,United States of America
Nashville,United States,Bridgestone Arena,"Ed Sheeran
Casey James","41,292 / 41,292","$3,336,545",The_Red_Tour,36.17,-86.78,United States of America
Auckland,New Zealand,Vector Arena,Neon Trees,"30,799 / 30,799","$3,100,290",The_Red_Tour,-36.86,174.77,New Zealand
Auckland,New Zealand,Vector Arena,Neon Trees,"30,799 / 30,799","$3,100,290",The_Red_Tour,-36.86,174.77,New Zealand
Auckland,New Zealand,Vector Arena,Neon Trees,"30,799 / 30,799","$3,100,290",The_Red_Tour,-36.86,174.77,New Zealand
Sydney,Australia,Allianz Stadium,"Guy Sebastian
Neon Trees","40,930 / 40,930","$4,096,060",The_Red_Tour,-33.87,151.21,Australia
Brisbane,Australia,Suncorp Stadium,"Guy Sebastian
Neon Trees","38,907 / 38,907","$3,895,810",The_Red_Tour,-27.47,153.03,Australia
Perth,Australia,Perth Rectangular Stadium,"Guy Sebastian
Neon Trees","21,827 / 21,827","$2,364,080",The_Red_Tour,-31.95,115.86,Australia
Melbourne,Australia,Etihad Stadium,"Guy Sebastian
Neon Trees","47,257 / 47,257","$4,547,250",The_Red_Tour,-37.81,144.96,Australia
London,England,The O2 Arena,The Vamps,"74,740 / 74,740","$5,829,240",The_Red_Tour,51.51,-0.13,United Kingdom
London,England,The O2 Arena,The Vamps,"74,740 / 74,740","$5,829,240",The_Red_Tour,51.51,-0.13,United Kingdom
London,England,The O2 Arena,The Vamps,"74,740 / 74,740","$5,829,240",The_Red_Tour,51.51,-0.13,United Kingdom
Berlin,Germany,O2 World,Andreas Bourani,"10,350 / 10,350","$755,006",The_Red_Tour,52.52,13.4,Germany
London,England,The O2 Arena,The Vamps,,,The_Red_Tour,51.51,-0.13,United Kingdom
London,England,The O2 Arena,The Vamps,,,The_Red_Tour,51.51,-0.13,United Kingdom
Shanghai,China,Mercedes-Benz Arena,,"12,793 / 12,793","$1,864,934",The_Red_Tour,31.23,121.47,China
Saitama,Japan,Saitama Super Arena,CTS,"20,046 / 20,046","$1,837,147",The_Red_Tour,35.86,139.65,Japan
Jakarta,Indonesia,MEIS Ancol,Nicole Zefanya,"8,130 / 8,130","$1,481,473",The_Red_Tour,-6.21,106.85,Indonesia
Pasay,Philippines,Mall of Asia Arena,Meg Bucsit,"9,775 / 9,775","$1,511,662",The_Red_Tour,14.54,121.0,Philippines
Singapore,Singapore,Singapore Indoor Stadium,Imprompt-3,"16,344 / 16,344","$2,524,080",The_Red_Tour,1.35,103.82,Singapore
Kuala Lumpur,Malaysia,Putra Indoor Stadium,IamNeeta,"7,525 / 7,525","$998,608",The_Red_Tour,3.14,101.69,Malaysia
Singapore,Singapore,Singapore Indoor Stadium,Imprompt-3,,,The_Red_Tour,1.35,103.82,Singapore
Tokyo,Japan,Tokyo Dome,,"100,320 / 100,320","$10,586,828",The_1989_World_Tour,35.69,139.69,Japan
Tokyo,Japan,Tokyo Dome,,"100,320 / 100,320","$10,586,828",The_1989_World_Tour,35.69,139.69,Japan
Winchester,United States,City of Rock,,,,The_1989_World_Tour,39.19,-78.17,United States of America
Bossier City,United States,CenturyLink Center,Vance Joy,"12,459 / 12,459","$1,458,197",The_1989_World_Tour,32.52,-93.73,United States of America
Baton Rouge,United States,LSU Tiger Stadium,"Vance Joy
Shawn Mendes","50,227 / 50,227","$4,119,670",The_1989_World_Tour,30.45,-91.15,United States of America
Detroit,United States,Ford Field,"Vance Joy
Shawn Mendes","50,703 / 50,703","$5,999,690",The_1989_World_Tour,42.33,-83.05,United States of America
Louisville,United States,KFC Yum! Center,Vance Joy,"16,242 / 16,242","$1,863,281",The_1989_World_Tour,38.25,-85.76,United States of America
Cleveland,United States,Quicken Loans Arena,Vance Joy,"15,503 / 15,503","$1,732,041",The_1989_World_Tour,41.5,-81.69,United States of America
Pittsburgh,United States,Heinz Field,"Vance Joy
Shawn Mendes","54,801 / 54,801","$5,836,926",The_1989_World_Tour,40.44,-79.99,United States of America
Charlotte,United States,Time Warner Cable Arena,Vance Joy,"15,024 / 15,024","$1,627,798",The_1989_World_Tour,35.23,-80.84,United States of America
Raleigh,United States,PNC Arena,Vance Joy,"13,886 / 13,886","$1,653,762",The_1989_World_Tour,35.78,-78.64,United States of America
Philadelphia,United States,Lincoln Financial Field,"Vance Joy
Shawn Mendes","101,052 / 101,052","$11,987,816",The_1989_World_Tour,39.95,-75.17,United States of America
Philadelphia,United States,Lincoln Financial Field,"Vance Joy
Shawn Mendes","101,052 / 101,052","$11,987,816",The_1989_World_Tour,39.95,-75.17,United States of America
Cologne,Germany,Lanxess Arena,James Bay,"29,020 / 29,020","$2,054,690",The_1989_World_Tour,50.94,6.96,Germany
Cologne,Germany,Lanxess Arena,James Bay,"29,020 / 29,020","$2,054,690",The_1989_World_Tour,50.94,6.96,Germany
Amsterdam,Netherlands,Ziggo Dome,James Bay,"11,166 / 11,166","$800,829",The_1989_World_Tour,52.37,4.9,Netherlands
Glasgow,Scotland,SSE Hydro,Vance Joy,"11,021 / 11,021","$1,119,300",The_1989_World_Tour,55.86,-4.25,United Kingdom
Manchester,England,Manchester Arena,Vance Joy,"14,773 / 14,773","$1,478,760",The_1989_World_Tour,53.48,-2.24,United Kingdom
London,England,Hyde Park,,,,The_1989_World_Tour,51.51,-0.13,United Kingdom
Dublin,Ireland,3Arena,Vance Joy,"25,188 / 25,188","$1,975,510",The_1989_World_Tour,53.33,-6.25,Ireland
Dublin,Ireland,3Arena,Vance Joy,"25,188 / 25,188","$1,975,510",The_1989_World_Tour,53.33,-6.25,Ireland
Ottawa,Canada,Canadian Tire Centre,Vance Joy,"13,480 / 13,480","$1,325,480",The_1989_World_Tour,45.42,-75.7,Canada
Montreal,Canada,Bell Centre,Vance Joy,"14,770 / 14,770","$1,499,040",The_1989_World_Tour,45.5,-73.57,Canada
East Rutherford,United States,MetLife Stadium,"Vance Joy
Shawn Mendes
Haim","110,105 / 110,105","$13,423,858",The_1989_World_Tour,40.82,-74.07,United States of America
East Rutherford,United States,MetLife Stadium,"Vance Joy
Shawn Mendes
Haim","110,105 / 110,105","$13,423,858",The_1989_World_Tour,40.82,-74.07,United States of America
Washington,United States,Nationals Park,"Vance Joy
Shawn Mendes
Haim","85,014 / 85,014","$9,730,596",The_1989_World_Tour,38.91,-77.04,United States of America
Washington,United States,Nationals Park,"Vance Joy
Shawn Mendes
Haim","85,014 / 85,014","$9,730,596",The_1989_World_Tour,38.91,-77.04,United States of America
Chicago,United States,Soldier Field,"Vance Joy
Shawn Mendes
Haim","110,109 / 110,109","$11,469,887",The_1989_World_Tour,41.88,-87.63,United States of America
Chicago,United States,Soldier Field,"Vance Joy
Shawn Mendes
Haim","110,109 / 110,109","$11,469,887",The_1989_World_Tour,41.88,-87.63,United States of America
Foxborough,United States,Gillette Stadium,"Vance Joy
Shawn Mendes
Haim","116,849 / 116,849","$12,533,166",The_1989_World_Tour,42.09,-71.26,United States of America
Foxborough,United States,Gillette Stadium,"Vance Joy
Shawn Mendes
Haim","116,849 / 116,849","$12,533,166",The_1989_World_Tour,42.09,-71.26,United States of America
Vancouver,Canada,BC Place,"Vance Joy
Shawn Mendes","41,463 / 41,463","$4,081,820",The_1989_World_Tour,49.28,-123.12,Canada
Edmonton,Canada,Rexall Place,Vance Joy,"26,534 / 26,534","$2,387,080",The_1989_World_Tour,53.55,-113.47,Canada
Edmonton,Canada,Rexall Place,Vance Joy,"26,534 / 26,534","$2,387,080",The_1989_World_Tour,53.55,-113.47,Canada
Seattle,United States,CenturyLink Field,"Vance Joy
Shawn Mendes","55,711 / 55,711","$6,050,643",The_1989_World_Tour,47.61,-122.33,United States of America
Santa Clara,United States,Levi's Stadium,"Vance Joy
Shawn Mendes","102,139 / 102,139","$13,031,146",The_1989_World_Tour,37.35,-121.95,United States of America
Santa Clara,United States,Levi's Stadium,"Vance Joy
Shawn Mendes","102,139 / 102,139","$13,031,146",The_1989_World_Tour,37.35,-121.95,United States of America
Glendale,United States,Gila River Arena,Vance Joy,"26,520 / 26,520","$3,029,628",The_1989_World_Tour,33.53,-112.19,United States of America
Glendale,United States,Gila River Arena,Vance Joy,"26,520 / 26,520","$3,029,628",The_1989_World_Tour,33.53,-112.19,United States of America
Los Angeles,United States,Staples Center,"Vance Joy
Haim","70,563 / 70,563","$8,961,681",The_1989_World_Tour,34.05,-118.24,United States of America
Los Angeles,United States,Staples Center,"Vance Joy
Haim","70,563 / 70,563","$8,961,681",The_1989_World_Tour,34.05,-118.24,United States of America
Los Angeles,United States,Staples Center,"Vance Joy
Haim","70,563 / 70,563","$8,961,681",The_1989_World_Tour,34.05,-118.24,United States of America
Los Angeles,United States,Staples Center,"Vance Joy
Haim","70,563 / 70,563","$8,961,681",The_1989_World_Tour,34.05,-118.24,United States of America
Los Angeles,United States,Staples Center,"Vance Joy
Haim","70,563 / 70,563","$8,961,681",The_1989_World_Tour,34.05,-118.24,United States of America
San Diego,United States,Petco Park,"Vance Joy
Shawn Mendes","44,710 / 44,710","$5,475,237",The_1989_World_Tour,32.72,-117.16,United States of America
Salt Lake City,United States,EnergySolutions Arena,Vance Joy,"14,131 / 14,131","$1,589,686",The_1989_World_Tour,40.76,-111.89,United States of America
Denver,United States,Pepsi Center,Vance Joy,"27,126 / 27,126","$2,868,991",The_1989_World_Tour,39.74,-104.98,United States of America
Denver,United States,Pepsi Center,Vance Joy,"27,126 / 27,126","$2,868,991",The_1989_World_Tour,39.74,-104.98,United States of America
Houston,United States,Minute Maid Park,"Vance Joy
Shawn Mendes","40,122 / 40,122","$5,202,196",The_1989_World_Tour,29.76,-95.37,United States of America
Saint Paul,United States,Xcel Energy Center,Vance Joy,"45,126 / 45,126","$5,514,863",The_1989_World_Tour,44.95,-93.09,United States of America
Saint Paul,United States,Xcel Energy Center,Vance Joy,"45,126 / 45,126","$5,514,863",The_1989_World_Tour,44.95,-93.09,United States of America
Saint Paul,United States,Xcel Energy Center,Vance Joy,"45,126 / 45,126","$5,514,863",The_1989_World_Tour,44.95,-93.09,United States of America
Indianapolis,United States,Bankers Life Fieldhouse,Vance Joy,"14,010 / 14,010","$1,550,268",The_1989_World_Tour,39.77,-86.16,United States of America
Columbus,United States,Nationwide Arena,Vance Joy,"29,936 / 29,936","$3,369,693",The_1989_World_Tour,39.96,-82.99,United States of America
Columbus,United States,Nationwide Arena,Vance Joy,"29,936 / 29,936","$3,369,693",The_1989_World_Tour,39.96,-82.99,United States of America
Kansas City,United States,Sprint Center,Vance Joy,"27,857 / 27,857","$2,967,558",The_1989_World_Tour,39.1,-94.58,United States of America
Kansas City,United States,Sprint Center,Vance Joy,"27,857 / 27,857","$2,967,558",The_1989_World_Tour,39.1,-94.58,United States of America
Nashville,United States,Bridgestone Arena,"Vance Joy
Haim","28,917 / 28,917","$3,354,844",The_1989_World_Tour,36.17,-86.78,United States of America
Nashville,United States,Bridgestone Arena,"Vance Joy
Haim","28,917 / 28,917","$3,354,844",The_1989_World_Tour,36.17,-86.78,United States of America
St. Louis,United States,Scottrade Center,"Vance Joy
Haim","29,688 / 29,688","$3,452,940",The_1989_World_Tour,38.63,-90.2,United States of America
St. Louis,United States,Scottrade Center,"Vance Joy
Haim","29,688 / 29,688","$3,452,940",The_1989_World_Tour,38.63,-90.2,United States of America
Toronto,Canada,Rogers Centre,"Vance Joy
Shawn Mendes","99,283 / 99,283","$8,670,990",The_1989_World_Tour,43.65,-79.38,Canada
Toronto,Canada,Rogers Centre,"Vance Joy
Shawn Mendes","99,283 / 99,283","$8,670,990",The_1989_World_Tour,43.65,-79.38,Canada
Des Moines,United States,Wells Fargo Arena,Vance Joy,"13,969 / 13,969","$1,566,321",The_1989_World_Tour,41.59,-93.62,United States of America
Omaha,United States,CenturyLink Center Omaha,Vance Joy,"29,622 / 29,622","$3,121,421",The_1989_World_Tour,41.26,-95.94,United States of America
Omaha,United States,CenturyLink Center Omaha,Vance Joy,"29,622 / 29,622","$3,121,421",The_1989_World_Tour,41.26,-95.94,United States of America
Fargo,United States,Fargodome,Vance Joy,"21,067 / 21,067","$2,219,188",The_1989_World_Tour,46.88,-96.79,United States of America
Arlington,United States,AT&T Stadium,"Vance Joy
Shawn Mendes","62,630 / 62,630","$7,396,733",The_1989_World_Tour,32.74,-97.11,United States of America
Lexington,United States,Rupp Arena,Vance Joy,"17,084 / 17,084","$1,870,471",The_1989_World_Tour,38.04,-84.5,United States of America
Greensboro,United States,Greensboro Coliseum,Vance Joy,"15,079 / 15,079","$1,662,171",The_1989_World_Tour,36.07,-79.79,United States of America
Atlanta,United States,Georgia Dome,"Vance Joy
Shawn Mendes","56,046 / 56,046","$6,034,846",The_1989_World_Tour,33.75,-84.39,United States of America
Miami,United States,American Airlines Arena,Vance Joy,"14,044 / 14,044","$1,527,919",The_1989_World_Tour,25.77,-80.19,United States of America
Tampa,United States,Raymond James Stadium,"Vance Joy
Shawn Mendes","56,987 / 56,987","$6,202,515",The_1989_World_Tour,27.95,-82.46,United States of America
Singapore,Singapore,Singapore Indoor Stadium,,"17,726 / 17,726","$3,217,569",The_1989_World_Tour,1.35,103.82,Singapore
Singapore,Singapore,Singapore Indoor Stadium,,"17,726 / 17,726","$3,217,569",The_1989_World_Tour,1.35,103.82,Singapore
Shanghai,China,Mercedes-Benz Arena,,"37,758 / 37,758","$5,917,348",The_1989_World_Tour,31.23,121.47,China
Shanghai,China,Mercedes-Benz Arena,,"37,758 / 37,758","$5,917,348",The_1989_World_Tour,31.23,121.47,China
Shanghai,China,Mercedes-Benz Arena,,"37,758 / 37,758","$5,917,348",The_1989_World_Tour,31.23,121.47,China
Sydney,Australia,ANZ Stadium,Vance Joy,"75,980 / 75,980","$6,571,683",The_1989_World_Tour,-33.87,151.21,Australia
Brisbane,Australia,Suncorp Stadium,Vance Joy,"46,881 / 46,881","$4,759,471",The_1989_World_Tour,-27.47,153.03,Australia
Adelaide,Australia,Adelaide Entertainment Centre,Vance Joy,"20,090 / 20,090","$2,407,499",The_1989_World_Tour,-34.93,138.6,Australia
Adelaide,Australia,Adelaide Entertainment Centre,Vance Joy,"20,090 / 20,090","$2,407,499",The_1989_World_Tour,-34.93,138.6,Australia
Melbourne,Australia,AAMI Park,Vance Joy,"98,136 / 98,136","$10,421,553",The_1989_World_Tour,-37.81,144.96,Australia
Melbourne,Australia,AAMI Park,Vance Joy,"98,136 / 98,136","$10,421,553",The_1989_World_Tour,-37.81,144.96,Australia
Melbourne,Australia,AAMI Park,Vance Joy,"98,136 / 98,136","$10,421,553",The_1989_World_Tour,-37.81,144.96,Australia
Glendale,United States,University of Phoenix Stadium,"Camila Cabello
Charli XCX","59,157 / 59,157","$7,214,478",Reputation_Stadium_Tour,33.53,-112.19,United States of America
Santa Clara,United States,Levi's Stadium,"Camila Cabello
Charli XCX","107,550 / 107,550","$14,006,963",Reputation_Stadium_Tour,37.35,-121.95,United States of America
Santa Clara,United States,Levi's Stadium,"Camila Cabello
Charli XCX","107,550 / 107,550","$14,006,963",Reputation_Stadium_Tour,37.35,-121.95,United States of America
Pasadena,United States,Rose Bowl,"Camila Cabello
Charli XCX","118,084 / 118,084","$16,251,980",Reputation_Stadium_Tour,34.15,-118.14,United States of America
Pasadena,United States,Rose Bowl,"Camila Cabello
Charli XCX","118,084 / 118,084","$16,251,980",Reputation_Stadium_Tour,34.15,-118.14,United States of America
Seattle,United States,CenturyLink Field,Charli XCX,"56,021 / 56,021","$8,672,219",Reputation_Stadium_Tour,47.61,-122.33,United States of America
Denver,United States,Sports Authority Field at Mile High,"Camila Cabello
Charli XCX","57,140 / 57,140","$7,926,366",Reputation_Stadium_Tour,39.74,-104.98,United States of America
Chicago,United States,Soldier Field,"Camila Cabello
Charli XCX","105,208 / 105,208","$14,576,697",Reputation_Stadium_Tour,41.88,-87.63,United States of America
Chicago,United States,Soldier Field,"Camila Cabello
Charli XCX","105,208 / 105,208","$14,576,697",Reputation_Stadium_Tour,41.88,-87.63,United States of America
Manchester,England,Etihad Stadium,"Camila Cabello
Charli XCX","77,258 / 77,258","$6,169,724",Reputation_Stadium_Tour,53.48,-2.24,United Kingdom
Manchester,England,Etihad Stadium,"Camila Cabello
Charli XCX","77,258 / 77,258","$6,169,724",Reputation_Stadium_Tour,53.48,-2.24,United Kingdom
Dublin,Ireland,Croke Park,"Camila Cabello
Charli XCX","133,034 / 133,034","$8,567,769",Reputation_Stadium_Tour,53.33,-6.25,Ireland
Dublin,Ireland,Croke Park,"Camila Cabello
Charli XCX","133,034 / 133,034","$8,567,769",Reputation_Stadium_Tour,53.33,-6.25,Ireland
London,England,Wembley Stadium,"Camila Cabello
Charli XCX","143,427 / 143,427","$12,214,933",Reputation_Stadium_Tour,51.51,-0.13,United Kingdom
London,England,Wembley Stadium,"Camila Cabello
Charli XCX","143,427 / 143,427","$12,214,933",Reputation_Stadium_Tour,51.51,-0.13,United Kingdom
Louisville,United States,Cardinal Stadium,"Camila Cabello
Charli XCX","52,138 / 52,138","$4,928,219",Reputation_Stadium_Tour,38.25,-85.76,United States of America
Columbus,United States,Ohio Stadium,"Camila Cabello
Charli XCX","62,897 / 62,897","$6,606,529",Reputation_Stadium_Tour,39.96,-82.99,United States of America
Landover,United States,FedExField,"Camila Cabello
Charli XCX","95,672 / 95,672","$11,396,004",Reputation_Stadium_Tour,38.93,-76.87,United States of America
Landover,United States,FedExField,"Camila Cabello
Charli XCX","95,672 / 95,672","$11,396,004",Reputation_Stadium_Tour,38.93,-76.87,United States of America
Philadelphia,United States,Lincoln Financial Field,"Camila Cabello
Charli XCX","107,378 / 107,378","$11,951,047",Reputation_Stadium_Tour,39.95,-75.17,United States of America
Philadelphia,United States,Lincoln Financial Field,"Camila Cabello
Charli XCX","107,378 / 107,378","$11,951,047",Reputation_Stadium_Tour,39.95,-75.17,United States of America
Cleveland,United States,FirstEnergy Stadium,"Camila Cabello
Charli XCX","51,323 / 51,323","$5,148,757",Reputation_Stadium_Tour,41.5,-81.69,United States of America
East Rutherford,United States,MetLife Stadium,"Camila Cabello
Charli XCX","165,654 / 165,654","$22,031,386",Reputation_Stadium_Tour,40.82,-74.07,United States of America
East Rutherford,United States,MetLife Stadium,"Camila Cabello
Charli XCX","165,654 / 165,654","$22,031,386",Reputation_Stadium_Tour,40.82,-74.07,United States of America
East Rutherford,United States,MetLife Stadium,"Camila Cabello
Charli XCX","165,654 / 165,654","$22,031,386",Reputation_Stadium_Tour,40.82,-74.07,United States of America
Foxborough,United States,Gillette Stadium,"Camila Cabello
Charli XCX","174,764 / 174,764","$21,779,846",Reputation_Stadium_Tour,42.09,-71.26,United States of America
Foxborough,United States,Gillette Stadium,"Camila Cabello
Charli XCX","174,764 / 174,764","$21,779,846",Reputation_Stadium_Tour,42.09,-71.26,United States of America
Foxborough,United States,Gillette Stadium,"Camila Cabello
Charli XCX","174,764 / 174,764","$21,779,846",Reputation_Stadium_Tour,42.09,-71.26,United States of America
Toronto,Canada,Rogers Centre,"Camila Cabello
Charli XCX","100,310 / 100,310","$11,177,000",Reputation_Stadium_Tour,43.65,-79.38,Canada
Toronto,Canada,Rogers Centre,"Camila Cabello
Charli XCX","100,310 / 100,310","$11,177,000",Reputation_Stadium_Tour,43.65,-79.38,Canada
Pittsburgh,United States,Heinz Field,"Camila Cabello
Charli XCX","56,445 / 56,445","$6,230,876",Reputation_Stadium_Tour,40.44,-79.99,United States of America
Atlanta,United States,Mercedes-Benz Stadium,"Camila Cabello
Charli XCX","116,746 / 116,746","$18,089,415",Reputation_Stadium_Tour,33.75,-84.39,United States of America
Atlanta,United States,Mercedes-Benz Stadium,"Camila Cabello
Charli XCX","116,746 / 116,746","$18,089,415",Reputation_Stadium_Tour,33.75,-84.39,United States of America
Tampa,United States,Raymond James Stadium,"Camila Cabello
Charli XCX","55,909 / 55,909","$7,244,264",Reputation_Stadium_Tour,27.95,-82.46,United States of America
Miami Gardens,United States,Hard Rock Stadium,"Camila Cabello
Charli XCX","47,818 / 47,818","$7,072,164",Reputation_Stadium_Tour,25.94,-80.25,United States of America
Nashville,United States,Nissan Stadium,"Camila Cabello
Charli XCX","56,112 / 56,112","$9,007,179",Reputation_Stadium_Tour,36.17,-86.78,United States of America
Detroit,United States,Ford Field,"Camila Cabello
Charli XCX","49,464 / 49,464","$6,597,852",Reputation_Stadium_Tour,42.33,-83.05,United States of America
Minneapolis,United States,U.S. Bank Stadium,"Camila Cabello
Charli XCX","98,774 / 98,774","$10,242,024",Reputation_Stadium_Tour,44.98,-93.27,United States of America
Minneapolis,United States,U.S. Bank Stadium,"Camila Cabello
Charli XCX","98,774 / 98,774","$10,242,024",Reputation_Stadium_Tour,44.98,-93.27,United States of America
Kansas City,United States,Arrowhead Stadium,"Camila Cabello
Charli XCX","58,611 / 58,611","$6,730,138",Reputation_Stadium_Tour,39.1,-94.58,United States of America
Indianapolis,United States,Lucas Oil Stadium,"Camila Cabello
Charli XCX","55,729 / 55,729","$6,531,245",Reputation_Stadium_Tour,39.77,-86.16,United States of America
St. Louis,United States,The Dome at America's Center,"Camila Cabello
Charli XCX","47,831 / 47,831","$4,884,054",Reputation_Stadium_Tour,38.63,-90.2,United States of America
New Orleans,United States,Mercedes-Benz Superdome,"Camila Cabello
Charli XCX","53,172 / 53,172","$6,491,546",Reputation_Stadium_Tour,29.95,-90.07,United States of America
Houston,United States,NRG Stadium,"Camila Cabello
Charli XCX","53,800 / 53,800","$9,350,275",Reputation_Stadium_Tour,29.76,-95.37,United States of America
Arlington,United States,AT&T Stadium,"Camila Cabello
Charli XCX","105,002 / 105,002","$15,006,157",Reputation_Stadium_Tour,32.74,-97.11,United States of America
Arlington,United States,AT&T Stadium,"Camila Cabello
Charli XCX","105,002 / 105,002","$15,006,157",Reputation_Stadium_Tour,32.74,-97.11,United States of America
Perth,Australia,Optus Stadium,"Charli XCX
Broods","50,891 / 50,891","$4,153,658",Reputation_Stadium_Tour,-31.95,115.86,Australia
Melbourne,Australia,Marvel Stadium,"Charli XCX
Broods","63,027 / 63,027","$6,755,570",Reputation_Stadium_Tour,-37.81,144.96,Australia
Sydney,Australia,ANZ Stadium,"Charli XCX
Broods","72,805 / 72,805","$7,686,564",Reputation_Stadium_Tour,-33.87,151.21,Australia
Brisbane,Australia,The Gabba,"Charli XCX
Broods","43,907 / 43,907","$4,338,127",Reputation_Stadium_Tour,-27.47,153.03,Australia
Auckland,New Zealand,Mount Smart Stadium,"Charli XCX
Broods","35,749 / 35,749","$3,617,593",Reputation_Stadium_Tour,-36.86,174.77,New Zealand
Tokyo,Japan,Tokyo Dome,Charli XCX,"100,109 / 100,109","$14,859,847",Reputation_Stadium_Tour,35.69,139.69,Japan
Tokyo,Japan,Tokyo Dome,Charli XCX,"100,109 / 100,109","$14,859,847",Reputation_Stadium_Tour,35.69,139.69,Japan
